{"Model":{"0":"Naive Bayes","1":"SVM","2":"Logistic Regression","3":"Decision Tree","4":"Random Forest","5":"Gradient Boosting"},"Accuracy":{"0":0.496993988,"1":0.49498998,"2":0.496993988,"3":0.5390781563,"4":0.5370741483,"5":0.5150300601},"Precision":{"0":0.5083598208,"1":0.496350731,"2":0.4984253804,"3":0.5390781563,"4":0.536694642,"5":0.5154828378},"Recall":{"0":0.496993988,"1":0.49498998,"2":0.496993988,"3":0.5390781563,"4":0.5370741483,"5":0.5150300601},"F1 Score":{"0":0.4337086749,"1":0.4936246487,"2":0.4955245418,"3":0.5390781563,"4":0.536623362,"5":0.5150495368},"CV Score":{"0":0.546882018,"1":0.5431515111,"2":0.534921186,"3":0.573437006,"4":0.5735303556,"5":0.5751357627}}