{"Model":{"0":"Gradient Boosting Classifier"},"Accuracy":{"0":0.5571142285},"Recall":{"0":0.5573770492},"Precision":{"0":0.546184739},"F1 Score":{"0":0.5517241379},"AUC":{"0":0.5757955641},"CV Score":{"0":0.6142144158}}