{"Model":{"0":"Naive Bayes","1":"SVM","2":"Logistic Regression","3":"Decision Tree","4":"Random Forest","5":"Gradient Boosting"},"Accuracy":{"0":0.5210420842,"1":0.5210420842,"2":0.5170340681,"3":0.5711422846,"4":0.5791583166,"5":0.5631262525},"Precision":{"0":0.5183489857,"1":0.5181483708,"2":0.5158656664,"3":0.5720097285,"4":0.5823274154,"5":0.5633811734},"Recall":{"0":0.5210420842,"1":0.5210420842,"2":0.5170340681,"3":0.5711422846,"4":0.5791583166,"5":0.5631262525},"F1 Score":{"0":0.4489754583,"1":0.5122122053,"2":0.5157004306,"3":0.5712456337,"4":0.5783463251,"5":0.5632175488},"CV Score":{"0":0.5629186849,"1":0.5492353343,"2":0.5321040067,"3":0.5788683291,"4":0.5759026904,"5":0.573264861}}