{"Model":{"0":"Naive Bayes","1":"SVM","2":"Logistic Regression","3":"Decision Tree","4":"Random Forest","5":"Gradient Boosting"},"Accuracy":{"0":0.513368984,"1":0.4946524064,"2":0.5267379679,"3":0.5762032086,"4":0.5534759358,"5":0.5387700535},"Precision":{"0":0.5386945015,"1":0.4957792876,"2":0.5280889802,"3":0.5774557385,"4":0.5535349469,"5":0.5411545088},"Recall":{"0":0.513368984,"1":0.4946524064,"2":0.5267379679,"3":0.5762032086,"4":0.5534759358,"5":0.5387700535},"F1 Score":{"0":0.4544073355,"1":0.4940667895,"2":0.5261895331,"3":0.5759615295,"4":0.5535014858,"5":0.5372375195},"CV Score":{"0":0.546882018,"1":0.5431515111,"2":0.534921186,"3":0.5769892941,"4":0.5738734371,"5":0.5751357627}}